ID,ILLUM,HUMID,CO2,SOUND,TEMP,RYTHM
0,337.9,63.29,518.13,22.38,18.59,77.35615192548234
1,342.96,63.19,488.85,37.36,20.41,81.18035623483424
2,369.86,57.39,516.86,26.45,20.89,80.72535114501481
3,304.65,67.8,517.5,32.98,22.52,83.06833222827386
4,442.25,68.21,500.91,37.28,21.88,83.38385245079373
5,736.84,66.18,540.48,24.58,22.51,86.06837645791371
6,460.0,59.88,460.3,49.72,18.76,83.12973714031868
7,394.64,64.34,519.61,35.99,19.51,82.85165041241599
8,430.41,65.21,512.5,31.24,20.32,82.78763450881938
9,432.9,63.51,412.19,38.55,20.8,76.28526317521506
10,408.16,71.85,538.17,36.91,20.73,84.5753127289024
11,392.64,74.98,454.5,24.66,21.12,76.65079067566468
12,284.79,64.23,518.91,19.08,21.03,77.18243624710274
13,444.47,68.55,461.97,21.22,23.58,81.07592602118324
14,397.99,64.42,518.99,27.85,21.56,82.14361803575227
15,359.74,73.42,464.84,26.35,19.23,75.00920251836746
16,393.78,69.13,477.95,30.23,19.65,79.07724214284666
17,477.04,67.07,415.8,24.18,19.42,73.04341661938089
18,446.17,62.14,519.08,36.81,22.01,84.39081227617966
19,334.03,73.59,567.12,32.39,18.29,80.41965014726001
20,390.99,62.29,463.81,31.64,21.92,79.6503954736584
21,379.24,70.2,466.4,31.76,18.57,76.49600837078911
22,346.23,67.93,474.49,24.74,19.98,75.64057656015278
23,385.8,66.51,513.31,31.5,19.09,80.7885901170137
24,447.93,65.34,546.72,40.63,19.49,85.73773145022986
25,303.87,65.15,404.05,42.79,17.86,77.47721524939602
26,540.21,68.05,493.24,32.5,19.77,80.78959901108337
27,291.4,65.93,425.79,36.36,22.31,79.99620388686701
28,620.03,68.95,526.59,26.17,18.71,80.86882471692668
29,539.9,71.64,385.9,27.98,20.33,73.46976717696724
30,501.58,73.71,471.35,28.08,21.27,79.50192248255524
31,408.14,64.46,528.47,34.98,18.87,81.87329956139845
32,510.28,69.13,483.31,31.45,21.64,81.04968117643111
33,420.26,62.21,542.06,31.78,18.16,80.31080242120227
34,562.05,66.58,529.8,27.36,18.32,80.25416625710155
35,460.19,76.4,508.85,23.91,18.94,77.81074769484
36,593.98,64.49,528.8,36.1,16.84,79.05858011187745
37,487.84,64.82,489.65,25.97,21.69,80.03011430507466
38,404.1,68.71,424.02,20.83,19.49,71.26951334952541
39,560.16,59.98,350.51,35.05,23.69,81.3088889779426
40,389.87,63.12,455.93,33.71,21.15,78.57957636383397
41,296.58,65.98,515.48,30.15,20.27,79.47274916745896
42,614.66,71.6,499.02,31.81,20.51,81.16873249797432
43,460.72,65.3,437.65,40.54,19.11,78.39367857364009
44,535.67,73.66,473.12,26.63,18.52,77.44274381328366
45,452.61,63.08,485.4,38.86,18.0,79.568870882045
46,555.29,61.89,499.86,31.96,19.98,81.01043875883289
47,317.54,69.15,465.65,41.83,17.83,78.34158877491465
48,588.07,70.26,535.14,30.66,21.44,83.57646675381419
49,470.28,66.92,459.86,26.16,23.12,81.30853977028663
50,472.96,64.18,468.82,20.55,22.58,80.01535755052076
51,392.06,65.71,480.77,28.71,22.2,80.33293033584633
52,427.03,69.68,484.94,29.08,22.29,81.30624362221587
53,384.21,73.73,455.08,32.39,19.91,77.82157411108186
54,391.89,68.5,530.84,33.31,20.41,83.60971700316485
55,456.09,70.77,512.59,33.38,18.13,79.32394466374625
56,437.62,67.61,474.2,25.86,18.57,75.28215963211782
57,466.98,65.76,534.49,38.83,18.21,82.22747170504918
58,485.25,67.79,516.33,28.68,20.34,81.60702277836633
59,537.59,65.44,475.0,31.49,19.03,79.26127699515693
60,444.27,62.92,499.52,36.85,20.55,83.076578396914
61,330.22,66.92,582.33,25.31,21.83,85.33589736858143
62,420.54,65.19,364.76,26.38,19.98,71.16461621744814
63,540.08,68.4,571.02,31.89,20.45,86.21452968558168
64,595.71,69.46,465.41,45.9,19.55,84.77036419339657
65,476.53,75.65,430.41,31.56,19.64,75.45233011958825
66,434.93,68.88,521.83,23.59,21.13,80.98257939384203
67,373.3,67.41,476.76,18.92,20.22,74.28094464791546
68,451.94,65.02,475.38,28.72,21.1,79.79375392601044
69,504.49,64.86,444.47,48.62,18.19,81.84352212618307
70,512.86,71.0,478.32,31.0,16.27,74.98369531773326
71,447.31,71.15,493.16,23.61,20.76,78.88132813787057
72,394.76,71.24,426.7,24.42,20.27,73.39167375072087
73,341.71,64.31,508.85,26.34,23.66,82.93650421496174
74,433.73,67.77,499.65,26.88,23.45,83.05266225232617
75,378.26,55.01,498.63,40.48,20.48,82.4258022300801
76,357.03,58.56,567.36,40.73,20.07,86.28580522544421
77,436.45,66.99,466.17,45.14,17.69,80.28120074199781
78,353.34,65.32,480.15,32.37,20.16,79.61525017421128
79,525.27,55.87,450.95,30.41,19.04,77.28227423258055
80,523.32,64.91,440.55,32.51,17.71,76.85164908904942
81,377.37,62.51,471.43,21.51,19.65,74.04319108618844
82,433.7,70.68,452.34,32.45,18.46,77.137828210558
83,454.21,60.65,581.39,33.28,18.24,82.8316429206799
84,321.04,65.06,567.23,35.07,20.4,84.58687436064615
85,541.71,72.9,464.71,30.86,17.52,77.32315210625299
86,530.04,73.96,474.97,39.19,18.29,79.71108130857054
87,448.45,60.9,533.43,31.93,19.29,82.13817346821004
88,459.17,75.15,520.53,30.9,21.43,82.66810305277465
89,503.98,63.29,539.77,26.56,20.74,82.40393983200697
90,384.22,72.32,482.21,29.79,19.91,79.43558302651125
91,435.11,57.89,461.84,38.11,23.39,84.16013869515778
92,574.64,62.62,413.03,36.55,17.19,78.27256966437596
93,391.52,69.33,474.28,28.66,19.19,77.17852471123855
94,575.74,69.49,535.75,26.81,18.6,80.91709689306491
95,557.9,66.56,544.17,36.41,22.36,87.67853764068612
96,334.6,70.09,482.17,30.02,18.97,77.0252152159775
97,498.29,70.65,459.74,29.51,19.49,77.946297167819
98,501.62,68.71,511.43,31.34,19.82,81.74931119765345
99,579.22,66.69,431.93,37.4,19.72,78.24311482647654
100,448.4,66.23,514.71,24.92,19.24,78.89578489129241
101,531.62,71.55,537.24,36.68,18.24,81.17553868001124
102,390.08,58.53,522.9,32.26,22.15,83.05591199667761
103,572.36,66.31,514.42,29.06,19.62,80.80237278500597
104,328.96,68.82,494.08,34.0,18.66,77.99155733391108
105,323.69,59.91,479.1,25.45,18.78,75.83258488921841
106,374.45,70.26,458.52,24.34,21.51,77.16864693757098
107,347.77,64.88,541.79,30.14,21.11,83.67315335859277
108,398.15,63.84,489.03,32.1,21.3,81.02513902462725
109,420.39,63.17,487.01,39.41,18.62,80.48186409119126
110,592.96,65.28,546.55,26.76,19.75,82.44997716273382
111,480.26,64.59,560.16,34.92,19.49,84.34984566606516
112,369.64,56.3,473.15,50.34,21.89,87.73435049537805
113,471.24,71.37,488.96,34.39,19.72,81.62763892009774
114,381.42,79.34,511.85,28.42,15.85,74.7927596509434
115,442.84,64.37,477.98,34.7,18.25,78.70528571538192
116,323.09,64.88,568.97,39.86,18.7,83.61937229140818
117,569.08,68.89,512.96,31.73,19.26,81.44484323956654
118,369.6,66.19,502.72,26.74,21.83,80.69967923292414
119,421.3,62.97,496.74,33.73,19.55,81.86262394451143
120,535.0,60.27,482.38,34.0,20.97,81.1090230787828
121,465.95,71.55,505.87,22.93,19.77,78.06963139246936
122,430.0,60.6,435.48,36.77,16.43,75.15190346953158
123,422.43,72.76,454.67,38.54,19.72,79.21744426928761
124,453.62,67.26,515.87,24.59,21.18,80.94324047477747
125,414.14,71.06,499.61,32.66,20.74,82.41042799276998
126,432.26,68.92,412.23,23.17,23.46,78.72319036367341
127,359.99,69.22,483.53,29.87,19.63,78.74312552787552
128,627.61,60.03,455.89,35.5,19.77,79.7656071327997
129,554.18,62.39,446.78,35.32,19.61,78.57987724325677
130,409.12,76.03,510.27,20.23,17.37,75.15674749755547
131,511.08,69.78,497.96,31.45,17.34,76.96931439031133
132,357.12,66.26,517.37,23.78,22.7,82.18720298954118
133,355.25,65.95,485.35,32.81,20.01,80.21302104956102
134,429.12,60.87,477.85,33.3,20.19,80.76392668488295
135,557.17,73.36,446.39,28.17,19.73,76.89865758999781
136,411.58,66.31,452.23,34.99,20.04,78.29518340686484
137,518.49,79.5,464.97,19.8,19.92,76.01142409874227
138,297.61,62.24,515.2,22.94,22.06,79.39988713522693
139,378.12,66.14,571.08,42.08,18.86,86.3592525066903
140,367.24,59.6,507.72,30.81,21.22,81.49312365424761
141,381.85,61.68,501.83,42.87,19.51,82.14095550453705
142,361.7,65.07,480.62,35.34,18.24,77.71674015711743
143,504.78,69.8,545.63,25.78,18.71,80.39783671351937
144,430.55,56.25,515.5,17.42,21.41,79.0316849853977
145,476.31,65.47,526.97,26.76,19.36,80.67198631246718
146,392.52,69.73,516.43,38.94,20.01,83.22112403964296
147,500.83,64.61,473.07,28.12,19.7,78.92628442207787
148,473.59,78.51,488.88,24.23,21.65,79.66610948484487
149,237.46,66.09,534.56,30.77,19.81,78.76313769089064
150,469.67,66.64,462.93,23.88,18.59,73.76713240736142
151,421.65,73.23,534.66,27.35,21.17,82.55815625386784
152,589.59,67.14,534.84,32.02,19.22,82.57393155076419
153,462.17,63.18,527.97,26.7,19.36,80.75142503847084
154,397.05,71.37,482.76,19.48,19.75,74.54044126213354
155,350.47,65.74,527.29,18.68,21.71,79.40450771380638
156,325.3,75.0,474.86,19.74,22.93,77.79377163966063
157,324.64,77.88,458.95,27.31,20.77,76.21476478917332
158,406.37,62.19,508.18,35.25,21.18,82.98996776193704
159,464.09,66.53,491.26,16.04,19.84,75.06387165276618
160,517.5,71.95,557.98,33.03,20.8,85.57211879572434
161,375.58,69.8,446.9,24.44,19.74,73.71314103605245
162,394.49,64.66,558.34,38.87,21.31,87.21468565556228
163,595.28,64.14,401.43,25.02,23.61,82.10282103689768
164,517.18,71.05,483.34,29.58,19.3,79.63718618647168
165,509.44,58.15,470.36,38.62,20.55,81.47277837566166
166,599.02,54.57,460.97,25.17,20.25,77.57286099133776
167,616.02,71.47,431.14,28.04,22.11,80.08744942402065
168,460.0,61.93,473.12,35.32,20.51,80.62862236715459
169,437.96,75.3,380.53,26.74,20.63,72.58284308991038
170,470.32,63.46,481.21,37.82,23.29,85.14581590490643
171,289.01,71.51,509.97,26.22,20.01,78.11094812031631
172,311.43,59.78,521.93,37.32,19.91,81.92650405500537
173,478.05,63.57,559.05,37.51,19.96,85.8192825583217
174,572.54,64.12,409.65,35.41,21.7,78.97998027555015
175,401.01,71.24,533.44,27.3,17.9,78.13109645542751
176,424.53,74.32,461.45,36.76,18.65,78.50633827157394
177,714.73,69.14,493.07,23.74,18.26,81.91452602239777
178,313.0,75.98,477.77,19.5,21.64,75.64002000387087
179,515.73,66.91,476.76,31.22,18.63,79.16128754570995
180,455.93,61.99,506.51,32.54,22.52,82.7662970676753
181,405.26,68.35,465.03,35.01,18.19,77.48236354318881
182,437.38,73.91,534.46,33.05,19.07,82.03395088395928
183,518.46,71.8,457.88,14.74,20.49,75.08518011629056
184,362.01,65.47,482.52,34.04,20.14,80.301594906416
185,437.42,57.74,557.37,27.24,23.35,85.57403625309824
186,391.05,72.58,502.93,35.08,19.97,82.53933799526332
187,268.68,48.35,538.89,48.72,19.16,86.61033320256821
188,537.95,68.93,545.48,28.47,21.76,84.45410810776919
189,492.99,62.98,486.97,30.25,19.41,80.4250349816422
190,460.93,67.67,503.34,22.38,18.52,76.46808458452139
191,342.44,70.17,495.39,22.3,21.39,77.58057378135437
192,326.93,60.68,462.63,36.4,18.96,77.860932270784
193,398.36,62.35,415.41,31.33,20.47,74.86868508451037
194,428.97,66.0,518.9,38.26,21.44,84.62945511842973
195,588.64,70.66,488.37,29.48,21.43,80.23264708448893
196,459.19,66.43,538.83,40.0,17.34,81.39791460747192
197,248.83,76.1,586.05,19.04,20.07,82.0666263164796
198,468.52,66.42,445.46,23.26,23.38,80.64732990634654
199,614.16,62.43,522.32,35.35,18.97,82.53895982841233
200,217.19,67.34,523.36,28.92,17.62,76.98370474234706
201,519.98,77.81,518.24,28.17,20.28,81.11633452916429
202,399.42,64.49,531.98,39.22,19.05,83.27843553894208
203,575.34,70.39,492.23,27.76,20.13,79.36812009824918
204,397.58,58.33,524.54,22.02,19.91,79.01346428703157
205,455.85,64.79,520.17,29.89,19.62,82.12532534058339
206,432.86,63.74,474.36,35.54,21.52,80.93688836042257
207,458.33,67.08,486.73,21.79,18.01,74.41710433364058
208,412.26,58.03,496.2,37.32,20.18,82.5194285038452
209,389.6,71.95,544.02,25.93,22.56,83.7902757065194
210,264.39,78.16,532.68,24.76,20.49,79.19093027300573
211,320.38,69.39,565.06,41.61,18.56,84.11111432864043
212,367.05,66.98,465.92,28.93,20.23,77.77214177730848
213,466.24,66.53,466.82,20.63,20.8,77.1774491033732
214,426.86,76.55,616.29,19.7,19.61,85.10990641890227
215,436.68,66.39,424.36,28.67,18.81,73.10157370969064
216,414.93,73.62,517.96,32.82,18.36,80.07036937559963
217,343.02,66.05,464.35,25.1,21.45,76.70988751206339
218,459.88,70.51,489.49,41.08,16.77,78.96237236145221
219,484.72,69.19,486.01,19.88,25.55,87.38957989701204
220,646.06,59.45,524.49,30.94,20.7,82.91400073442672
221,530.31,62.06,467.18,41.45,20.09,82.15078472858373
222,373.3,57.7,446.38,40.37,21.58,79.99930622279665
223,385.11,69.59,531.15,26.15,22.65,83.19053218613593
224,443.84,65.02,492.14,29.6,20.41,81.15636961822912
225,370.16,63.05,458.77,30.69,20.39,78.00253192365848
226,546.99,75.72,506.59,35.77,20.47,83.03436273066173
227,380.07,66.6,519.1,27.08,21.64,81.89736894841057
228,510.21,65.82,489.01,34.67,21.17,82.05875835100728
229,481.11,68.65,470.05,28.52,22.55,81.25071933286752
230,440.4,62.95,414.24,19.05,18.72,69.5592153298088
231,428.76,69.82,479.08,37.53,19.09,80.25811394888072
232,537.59,66.61,462.24,27.22,19.41,77.63523479819908
233,606.0,64.19,475.72,35.37,19.8,80.73932416265886
234,479.8,66.06,452.18,32.45,21.86,79.79005885500287
235,541.99,69.59,524.73,29.07,18.4,80.15685400498741
236,442.35,59.77,417.0,34.76,23.66,81.81612092970659
237,334.37,68.78,512.05,25.04,17.95,77.14026301915581
238,420.81,66.64,499.72,32.45,19.83,82.43012397546315
239,424.1,60.58,478.79,48.42,18.63,83.25951030013802
240,536.02,70.5,504.49,26.3,19.06,79.24697728943171
241,504.98,72.54,521.26,36.25,19.13,82.2540627740447
242,331.37,63.05,523.39,29.65,22.22,82.5298844145329
243,230.06,61.0,494.61,24.3,22.64,78.00488242551408
244,390.65,71.36,581.54,22.67,18.64,81.06498504423622
245,449.46,58.87,517.89,35.99,21.86,83.87359634845676
246,553.59,69.28,566.66,28.73,21.53,86.3219126522141
247,270.15,67.16,507.17,21.52,19.83,76.8004626164457
248,353.68,65.49,533.47,27.47,19.79,80.58669398792084
249,408.68,71.99,557.8,29.48,19.36,82.28784750127144
250,559.77,70.85,556.73,27.1,19.5,82.73989522131858
251,434.15,71.86,522.32,25.61,20.33,81.1408897617127
252,314.57,69.58,487.6,39.96,20.69,81.47627032341816
253,377.46,58.64,488.34,28.59,20.59,79.53128258880909
254,556.07,70.83,517.61,31.35,19.95,81.6136201280937
255,584.52,73.81,523.48,24.62,20.79,80.74717164087072
256,410.3,64.98,507.4,14.88,23.6,82.90499224912939
257,433.09,72.3,481.95,27.42,22.24,80.91515903769867
258,406.69,66.25,527.64,32.52,21.55,83.51203883840942
259,344.9,61.41,497.96,38.8,21.32,82.84463565079919
260,460.2,68.13,566.33,28.6,19.93,83.56079807179857
261,393.85,69.37,480.34,14.44,22.69,79.04154870932298
262,448.18,58.29,474.53,30.47,18.06,77.18580159788219
263,434.54,59.5,514.54,39.51,21.01,84.79050687516529
264,457.74,60.48,468.0,29.51,21.77,80.15107679647541
265,596.18,61.0,471.4,43.79,20.78,85.34883076204505
266,414.52,59.37,503.81,41.71,20.0,83.26158183836743
267,442.92,57.36,486.15,35.93,22.41,82.60603100107308
268,526.76,66.93,500.62,36.41,17.14,77.7429700941939
269,407.9,59.55,451.39,33.22,22.65,80.38353595407912
270,287.57,72.2,488.35,31.14,20.13,77.87721727444269
271,541.44,72.38,506.08,26.87,20.12,80.00046279220003
272,487.97,64.67,533.74,31.34,20.45,83.2978950463586
273,454.36,68.51,486.63,24.58,19.84,77.86747783509858
274,470.35,65.62,586.57,40.24,18.41,87.3637750277768
275,405.32,64.54,543.51,21.64,20.24,80.15824681147635
276,370.82,58.18,535.54,36.87,21.24,84.60046328921031
277,293.05,62.32,474.16,26.11,20.56,75.76808742700116
278,468.85,80.2,584.84,15.84,16.4,79.72165586011506
279,563.96,68.56,447.96,38.27,18.72,79.54586441820689
280,503.3,68.35,444.71,30.26,20.45,77.33541239489088
281,381.87,64.38,433.84,22.79,21.17,75.00582701112101
282,399.73,65.52,513.91,33.51,21.67,82.64510177019571
283,510.9,70.51,466.61,31.82,19.52,79.3173148180333
284,362.03,74.21,499.52,22.02,18.01,75.19169324766922
285,406.75,60.96,491.64,35.72,20.66,82.17718880804124
286,460.06,63.75,474.93,32.74,20.63,80.46713084969771
287,406.79,66.88,549.64,20.99,15.23,77.85085203009824
288,515.0,71.55,463.39,29.72,20.39,78.94476300489215
289,554.47,62.33,491.55,32.1,20.8,80.94119984833473
290,349.79,71.3,444.22,43.17,19.79,79.41205536728967
291,416.82,62.54,443.67,38.06,20.54,78.1344264293094
292,513.57,62.9,513.24,38.19,20.99,84.68038636586367
293,307.41,68.2,437.61,34.4,20.43,77.28146160419112
294,412.93,64.04,508.25,23.43,22.25,81.40605093280784
295,546.89,65.98,456.67,34.25,20.63,79.46597345284067
296,346.8,67.1,439.82,22.53,18.92,72.04260368146556
297,505.86,58.58,492.65,28.11,21.8,80.4967313238216
298,393.53,75.43,523.27,36.34,23.33,85.74275926242363
299,236.35,64.69,552.64,25.42,21.23,81.61688509243965
300,449.09,64.73,551.04,25.05,18.94,80.52962761972502
301,418.8,62.1,519.86,30.32,20.82,82.7066125916311
302,589.61,64.47,439.54,36.64,19.72,78.89500218851812
303,258.47,62.94,538.89,30.98,20.36,80.32171835596309
304,467.0,66.46,559.27,31.58,19.55,83.19706915978215
305,489.95,68.1,515.87,24.1,21.57,81.08683039341985
306,316.88,69.17,488.31,30.68,22.35,80.01337068599602
307,369.7,77.02,519.5,29.77,21.63,82.29994998121633
308,469.79,60.12,482.82,32.07,21.8,81.43095029126621
309,494.77,70.94,480.85,32.46,21.72,81.42662457120454
310,420.17,73.65,440.93,25.16,17.18,70.98183914353935
311,95.05,70.5,544.69,35.19,21.76,85.61402990782464
312,496.22,70.26,532.63,36.39,18.07,80.62256466257939
313,474.87,64.92,446.38,36.65,21.11,78.48523015367296
314,433.25,70.51,543.55,34.22,19.31,82.61759848384575
315,475.87,75.18,555.13,22.79,20.38,82.01215963943936
316,321.82,67.79,556.93,35.92,18.83,81.82821269436108
317,437.66,58.16,515.19,25.94,21.39,81.39163526167603
318,474.76,62.63,448.13,24.54,17.86,71.97321997877735
319,397.51,72.56,652.55,40.54,17.1,94.81894199974707
320,310.1,66.95,488.29,30.86,20.43,78.42514685204189
321,370.22,61.34,562.73,27.6,21.75,84.5143948581833
322,524.82,75.46,489.42,30.76,20.17,80.60381643345063
323,581.88,68.97,385.11,35.03,19.07,75.40976087757043
324,428.06,76.39,464.54,22.11,22.14,78.792817779642
325,410.17,67.47,480.86,35.31,18.43,78.82141757553491
326,395.91,63.34,461.53,31.04,20.49,78.52450687288847
327,482.81,63.63,534.15,36.74,20.23,84.42320865245232
328,322.37,65.59,452.43,37.82,18.16,76.89419276158098
329,450.65,74.23,555.7,30.86,17.79,80.34456535869894
330,403.55,64.98,457.0,36.39,15.64,74.13461081285364
331,324.58,64.4,489.1,29.01,18.04,75.82314213365673
332,379.16,56.39,520.41,43.48,20.17,84.42175038513979
333,318.21,61.23,505.08,23.58,20.43,77.22150046073459
334,642.67,66.7,498.99,29.42,22.93,84.23695023615637
335,433.13,60.54,541.59,32.84,20.72,84.15144537537269
336,355.45,62.17,546.76,29.01,19.92,81.76959294346106
337,506.96,59.45,436.15,44.72,21.68,82.03743041113226
338,418.36,58.45,485.78,25.31,23.6,82.54144026442287
339,590.26,64.53,503.99,48.82,20.79,90.51182985593941
340,307.56,63.46,526.1,45.23,18.43,82.97122879864918
341,465.52,73.38,437.49,30.21,19.98,75.8946022206322
342,432.21,74.73,525.83,19.77,22.35,82.24772105223998
343,562.84,60.83,443.92,32.99,21.0,78.85442808580183
344,494.91,60.73,431.2,24.33,21.18,76.77042559900765
345,532.07,63.18,476.06,28.33,20.34,79.13974712357675
346,426.22,60.09,499.07,30.71,20.49,81.98641153220218
347,452.8,66.03,533.47,27.58,19.0,80.4286081826515
348,403.18,64.44,455.99,32.71,17.68,75.18604321091422
349,340.97,61.29,457.55,31.72,21.9,78.59609204716641
350,528.42,75.49,533.11,30.94,16.58,77.43358393763654
351,491.85,65.53,431.84,26.6,22.02,78.47524348858182
352,448.38,63.41,437.13,39.02,21.61,78.81425351134911
353,494.36,56.54,500.79,33.22,18.06,78.70388553708881
354,392.54,66.17,494.35,27.44,21.69,80.59785591362869
355,430.17,67.99,572.52,26.32,21.22,85.15476766762977
356,480.51,61.09,527.99,16.82,19.76,77.4224981839681
357,416.46,72.67,566.17,25.57,19.07,81.49321018724868
358,382.9,64.17,471.22,30.33,19.04,77.40619132296354
359,329.83,59.27,476.0,33.03,18.42,76.48214199748965
360,329.67,69.36,524.0,25.93,18.57,77.8983150201338
361,520.1,65.09,466.78,31.17,22.18,81.24446968776142
362,336.29,75.93,498.95,37.92,19.92,81.16961135188104
363,298.51,65.6,506.85,18.93,21.33,76.70522552996242
364,552.24,61.75,429.71,25.31,22.14,79.25968905474336
365,608.0,69.23,412.09,27.04,19.36,74.70667255450688
366,565.83,74.6,471.81,23.99,16.95,76.72642305175907
367,416.33,63.91,529.51,27.86,19.87,82.03022261905686
368,414.18,71.9,533.35,32.34,20.72,83.72733714572674
369,507.57,64.54,510.68,30.15,18.55,79.76805963130734
370,454.25,69.63,484.57,27.65,18.83,77.92257676013702
371,420.08,67.17,569.23,30.59,17.7,80.84987655176927
372,435.76,70.59,462.48,14.51,18.87,71.66157252249594
373,427.41,59.39,492.56,42.71,18.48,81.59747459626797
374,458.83,65.17,475.88,34.03,17.78,77.90884711251455
375,528.04,66.94,466.43,24.43,22.27,80.01550306700965
376,268.61,68.05,493.37,22.66,20.46,76.23852295344899
377,494.19,74.83,462.08,36.64,20.71,79.84294350766798
378,517.06,61.62,499.56,30.49,21.48,81.17256567200441
379,391.31,71.72,480.77,24.79,18.39,75.20231820622247
380,494.38,70.29,443.03,26.54,20.02,76.25450471583899
381,404.73,70.39,486.97,22.93,19.85,76.31153777685891
382,410.85,67.63,558.82,32.5,14.96,79.76494017405882
383,364.22,66.13,562.83,28.09,18.98,81.07749592433886
384,447.95,73.26,462.81,27.88,19.12,76.66999579200366
385,505.98,66.91,454.61,34.35,21.7,80.28339101594467
386,330.27,67.88,432.49,19.48,18.37,71.66673522538612
387,479.19,68.32,413.28,34.93,19.13,74.76488739616727
388,532.95,72.25,480.65,19.73,21.04,77.74964821334574
389,316.49,70.16,483.13,35.01,17.5,76.08460036133022
390,469.57,75.84,542.75,29.47,18.92,80.92461673611625
391,741.84,67.76,446.12,28.2,16.27,84.3217246694694
392,390.23,70.23,497.86,35.61,20.4,82.6068324291798
393,426.37,64.91,492.65,23.22,20.91,78.76942341210325
394,454.12,58.25,431.13,42.05,20.55,78.00028296505725
395,203.14,61.21,498.55,29.56,21.53,78.62453972569091
396,384.44,68.52,538.6,25.84,20.43,81.23613023425936
397,409.37,57.33,520.93,31.43,23.56,84.03128792542738
398,481.15,59.99,457.59,30.32,23.32,82.46867834739136
399,428.72,67.2,510.11,41.88,17.76,81.39758509041171
400,292.28,65.71,553.17,44.82,18.88,85.32301765475715
401,395.26,68.67,570.49,30.0,19.91,83.3875132032834
402,459.82,59.56,507.04,28.09,18.62,78.97092989490805
403,557.76,70.36,437.08,22.03,18.92,74.34592010203762
404,415.45,63.55,498.69,35.66,18.39,79.81036830839277
405,469.26,62.85,483.0,29.33,23.46,83.33689723602195
406,584.2,57.79,474.05,32.05,21.14,80.24744261027256
407,400.09,73.32,506.2,35.08,17.53,78.1843708974907
408,418.56,57.89,489.29,26.67,22.93,81.8039132953213
409,458.33,65.9,522.88,23.15,23.82,84.4317335494173
410,263.51,70.25,470.52,26.14,19.62,75.95780618755522
411,387.12,62.15,529.71,35.33,18.97,81.99458424271175
412,429.9,64.16,471.81,27.98,22.38,80.50870598131921
413,485.29,61.35,425.84,41.3,19.12,77.74357563616303
414,325.1,72.26,477.03,21.87,18.62,74.69544760639032
415,497.27,69.54,482.41,22.6,20.78,78.2147497712431
416,333.18,74.4,592.07,33.03,19.99,85.12010544594081
417,461.66,67.35,448.67,28.78,19.98,76.48956530430519
418,510.32,65.63,481.27,30.6,19.34,79.91860161884019
419,374.1,66.93,559.07,27.91,19.07,81.12757740517327
420,306.29,78.42,505.82,27.04,20.83,78.39192673091502
421,493.73,67.91,520.21,32.12,21.53,82.88384208306407
422,284.03,73.11,510.01,22.42,22.13,78.6853699061085
423,443.08,63.09,425.4,42.13,19.31,77.93442380137309
424,330.09,65.08,540.57,23.11,20.56,79.90805833951968
425,409.61,61.32,517.2,28.91,20.92,82.09688871759302
426,353.19,67.47,492.75,23.03,21.85,78.69481679456281
427,354.52,69.43,525.45,27.06,20.44,80.7386281467982
428,358.65,69.87,456.79,34.54,20.58,78.34943555323103
429,448.91,59.06,494.91,36.2,19.79,82.23673431694787
430,556.38,67.67,505.58,31.46,21.69,82.01877766398376
431,393.15,79.34,524.46,24.26,18.49,77.91815953651897
432,383.81,69.79,536.12,28.87,18.94,80.45658989347619
433,333.18,67.19,455.99,24.44,19.5,74.23277574656166
434,523.61,72.49,457.0,17.54,20.04,75.20871380012586
435,538.14,68.93,517.35,31.1,21.45,82.45925689268066
436,467.53,67.4,518.1,31.17,20.73,82.63950712196338
437,413.9,66.99,459.17,37.49,18.5,78.29057899154067
438,471.18,61.91,474.56,38.21,20.92,81.52939003125249
439,387.67,57.6,504.14,32.28,23.46,83.40975111939417
440,508.92,71.72,450.16,28.76,22.54,80.6928108784062
441,375.08,70.47,541.09,28.7,22.64,84.02113449455936
442,279.56,60.16,498.96,27.71,21.76,78.32442626513424
443,644.33,69.11,493.47,23.08,19.56,79.28984611447704
444,348.68,54.74,505.62,26.22,20.58,78.9499515143385
445,471.51,64.38,457.5,36.12,22.56,81.89459495107441
446,318.17,67.54,481.72,26.96,20.91,77.02180696090436
447,502.92,66.86,503.88,28.45,18.2,78.45321889556534
448,344.73,69.33,582.97,25.66,20.71,84.15023510070169
449,512.38,64.85,550.13,28.24,20.16,82.98432551753753
450,396.79,69.0,537.58,28.73,17.9,78.79300830094633
451,304.98,65.86,504.93,37.61,19.34,80.17591871639787
452,519.14,75.88,508.54,38.76,18.17,80.58257585937667
453,552.48,61.77,472.53,37.27,19.99,81.03773433743352
454,294.6,64.7,465.8,26.83,21.87,76.73760530883804
455,458.81,65.05,468.79,30.32,19.92,78.90443598064476
456,442.59,64.02,473.26,34.16,20.23,80.40168621690165
457,389.2,66.37,467.75,36.57,22.49,81.46175953048329
458,492.9,64.18,503.19,30.89,20.42,81.51649458023158
459,463.58,68.0,557.1,36.5,17.01,80.60873254766408
460,505.58,64.75,532.24,33.8,18.59,80.8293190747653
461,460.39,63.06,472.57,30.22,19.99,79.35969208922089
462,317.47,72.69,533.85,19.6,20.48,78.55923537121706
463,518.51,63.58,488.63,38.7,18.89,80.77271006095766
464,334.81,74.82,435.7,29.56,20.44,75.79320439941814
465,309.68,64.47,532.05,26.87,19.79,79.27399215497137
466,514.45,70.54,563.74,40.73,18.68,86.6233725659894
467,399.29,62.45,454.53,28.7,20.99,77.8374730884384
468,418.03,71.3,587.47,35.02,19.88,85.72944841132825
469,454.94,73.46,468.75,27.47,21.16,78.92232602335558
470,485.68,63.36,510.03,30.29,20.16,81.8280777962131
471,435.74,62.95,489.69,29.07,20.35,80.64576890329093
472,476.45,70.5,490.27,41.75,17.86,80.4434753058634
473,466.82,61.01,490.91,26.77,23.16,82.60888505272726
474,481.99,68.66,482.62,26.82,22.07,80.53705121953315
475,435.44,69.09,537.99,25.66,20.38,81.89842717371114
476,389.91,60.34,531.11,26.98,20.17,81.27380906514807
477,523.11,65.72,512.93,34.87,21.54,83.5187821362045
478,391.83,67.46,488.67,29.37,20.18,79.99401117555836
479,406.42,67.79,512.32,20.78,22.9,82.12653197372519
480,421.65,62.86,470.51,33.73,19.56,79.74109339000677
481,514.33,69.9,477.86,40.09,19.73,82.0967085554045
482,407.8,58.63,443.47,32.62,20.02,77.04901830061466
483,482.6,68.85,501.61,33.95,22.43,82.97447220656703
484,431.37,68.28,497.87,35.93,18.49,80.22772496471566
485,399.1,63.06,452.42,29.51,18.69,75.0335562515862
486,530.73,69.51,479.04,26.05,16.1,74.67462626905227
487,524.2,66.22,490.26,35.69,17.87,78.70152162250507
488,392.01,60.81,524.51,32.14,20.21,83.05063558018513
489,493.01,68.37,480.9,30.87,23.26,83.37184573666177
490,440.35,61.77,495.02,15.21,24.43,83.94050752696423
491,448.51,71.69,443.51,30.25,18.72,75.62913969007921
492,350.6,63.68,499.58,25.63,21.78,79.6729996331033
493,326.68,68.79,468.03,14.06,23.39,77.87603550472176
494,582.22,66.8,484.85,38.42,21.54,84.12526748254867
495,484.27,59.6,417.33,38.51,20.98,76.6734326868799
496,448.66,60.13,506.07,36.63,21.5,83.36858116460444
497,445.88,70.61,562.22,34.35,19.37,83.72144790137433
498,339.53,70.17,489.89,42.38,19.48,80.81062283973402
499,489.59,61.64,501.62,28.5,21.92,81.35734323455281
500,340.86,67.38,474.52,29.56,18.51,75.70519906100422
501,334.74,55.75,476.83,33.06,20.96,79.18184236460694
502,473.07,66.48,549.21,21.4,20.91,81.7002018212818
503,411.77,72.13,528.15,32.63,20.19,83.33174546572972
504,317.35,73.77,530.84,33.95,20.75,82.99783282354112
505,408.27,53.59,494.54,37.19,19.29,81.31497391229308
506,350.99,67.21,519.39,31.17,19.69,80.94378847286963
507,346.08,66.22,470.84,35.91,22.82,81.6665892991054
508,641.82,70.85,492.04,28.49,20.03,80.14970419891908
509,389.34,64.62,501.71,28.74,20.31,80.68859535807813
510,411.99,69.55,471.91,20.41,19.97,74.48142075114895
511,451.17,71.87,466.65,30.01,20.43,78.84428771156215
512,563.82,66.71,445.79,17.58,21.08,77.0251314645348
513,619.39,76.64,458.11,31.75,19.4,78.37802060815886
514,408.6,63.62,531.98,29.54,21.62,83.2390746489878
515,539.34,56.89,411.92,27.9,21.82,77.74547151504257
516,256.53,73.87,564.35,27.38,21.67,84.11655935538926
517,354.28,73.41,579.26,34.28,18.58,82.38202811078408
518,507.92,72.54,519.55,23.02,17.95,77.78155381738472
519,425.68,66.17,541.99,40.96,22.84,89.31265034836055
520,552.64,70.45,482.21,30.5,17.82,78.35645624058047
521,391.95,65.05,498.99,31.18,17.94,77.20324666957248
522,508.16,73.45,569.21,26.69,19.36,82.73624615113623
523,526.59,71.63,509.25,26.35,18.41,79.17509448497
524,433.87,70.29,450.55,23.28,18.17,71.4912492884221
525,376.8,73.01,429.84,30.99,18.3,73.5636215915551
526,480.65,67.05,519.77,40.31,19.44,83.99418713726743
527,525.87,70.53,515.47,17.45,22.38,81.30376339712285
528,317.23,63.66,468.44,21.87,19.69,74.50078912408269
529,517.12,70.51,494.43,31.88,20.81,81.08111564818137
530,428.86,69.7,521.64,36.13,19.63,82.99018177754836
531,470.93,62.66,442.87,23.06,18.92,72.69842790288205
532,344.61,65.31,558.47,40.16,22.06,88.71190257257261
533,406.71,61.05,471.32,34.57,17.45,76.1987530549708
534,418.22,68.44,541.29,27.67,19.88,82.28129483529098
535,222.05,65.76,516.31,24.42,21.34,78.32072388274135
536,319.14,64.41,475.5,39.0,18.4,78.47774319989033
537,396.56,62.55,496.34,24.53,17.98,75.43476189334741
538,514.78,75.08,580.69,31.55,19.69,85.18901018711142
539,599.67,72.14,516.85,23.6,20.01,80.02225614759851
540,463.5,64.16,433.55,27.36,21.51,77.43107052972883
541,445.1,76.24,454.04,19.93,19.33,72.72178288015857
542,391.45,64.43,458.14,31.47,18.49,75.998176340249
543,413.52,66.8,547.91,25.42,19.95,81.70632865584274
544,302.26,69.76,559.13,33.05,20.03,82.81753435163454
545,191.13,66.46,505.33,38.35,24.47,89.1034649785472
546,382.61,63.93,441.07,33.91,17.46,74.32524540606755
547,396.79,60.78,509.56,27.24,20.48,80.82411554898674
548,553.94,68.17,528.24,26.99,20.03,81.15817294830883
549,337.59,69.07,436.66,28.45,22.64,78.06680150887176
550,392.91,69.08,486.31,27.45,21.54,79.92368154869602
551,473.42,73.04,537.09,29.66,20.79,83.28609513095815
552,414.09,63.77,543.28,19.36,23.75,85.10725427336872
553,323.12,60.26,555.3,29.45,18.02,79.17560094478479
554,407.74,65.87,462.36,25.91,21.66,78.46493736373877
555,454.17,68.73,562.74,33.79,22.23,87.04263935523805
556,369.88,56.43,401.18,26.97,19.61,72.18137298529712
557,419.24,66.64,449.75,37.67,19.33,78.72341527750261
558,447.09,74.98,467.79,16.6,21.02,75.99134760619384
559,334.51,61.74,529.77,32.39,18.39,79.27761807567704
560,571.56,68.59,423.89,37.54,20.12,77.59837562443185
561,429.85,63.52,474.59,30.8,20.47,79.87953322280897
562,415.38,67.12,470.44,30.9,19.88,78.94866605962282
563,491.46,64.29,529.45,23.17,19.01,79.23418253332402
564,400.3,72.74,532.7,31.47,20.29,83.20946676774157
565,424.15,64.17,478.11,24.49,19.35,76.02405213364487
566,516.41,71.69,463.73,38.38,17.17,78.52337562517293
567,309.84,68.72,515.29,18.31,18.57,77.12319852905678
568,295.59,65.07,487.57,26.88,25.89,85.3368210730312
569,487.21,73.16,516.39,27.69,17.91,78.19747811585532
570,334.26,65.85,476.42,32.64,19.82,78.70403486448727
571,317.09,56.22,537.43,40.14,21.03,84.78686692310141
572,512.91,72.64,470.48,25.31,16.81,74.23644329683754
573,414.05,67.71,533.11,36.5,18.14,81.26090172734104
574,540.5,70.33,449.13,40.71,17.44,78.96701450306227
575,376.09,59.06,409.51,32.91,24.04,81.86628707456605
576,396.42,63.33,494.98,36.19,22.0,82.33884907657149
577,460.97,61.55,483.66,37.92,18.73,80.28573037462625
578,521.01,70.81,501.11,25.58,22.17,81.0942151480612
579,418.91,73.85,403.89,27.68,18.6,71.09282008993748
580,378.56,62.32,517.29,34.14,18.84,81.0848630685274
581,339.69,60.03,457.73,37.32,22.23,80.74473439600399
582,460.84,65.38,469.39,23.78,19.86,76.60484515016496
583,460.36,71.84,480.97,25.65,21.26,79.30207330849451
584,361.73,62.69,606.54,26.98,22.61,89.36056807793008
585,516.95,64.91,571.34,32.14,18.67,83.07141373816856
586,423.43,73.03,547.52,30.43,19.15,81.91488105383827
587,408.48,72.34,541.4,28.96,19.65,82.11515959796107
588,533.41,62.46,498.38,26.84,21.25,79.9040368407014
589,514.2,73.91,517.72,29.86,20.97,82.03088015820914
590,363.72,70.34,455.34,19.85,21.66,75.55121765071631
591,548.6,59.28,495.5,32.61,19.13,80.41312193659292
592,319.63,64.05,479.97,42.39,21.05,82.2174546103249
593,452.09,68.04,497.41,26.48,20.92,80.13553688013438
594,588.84,59.48,490.26,38.81,19.61,82.6875958702486
595,305.59,66.34,494.9,40.45,18.97,80.03589952305167
596,331.22,68.92,498.02,30.24,18.93,77.8534127715731
597,408.05,64.89,503.25,35.37,19.18,81.5172981364035
598,518.58,72.27,537.05,22.27,21.5,82.00240199100934
599,434.14,67.18,512.59,34.33,20.0,83.02227252536777
600,452.69,61.15,516.44,26.03,18.61,78.63910530234119
601,417.02,63.26,510.1,33.36,20.72,83.06646199978975
602,513.18,66.79,467.57,36.01,20.32,80.21972240238175
603,323.58,70.01,581.43,25.41,19.42,81.81676838767189
604,457.41,64.64,449.34,26.55,19.85,76.10083246870288
605,451.79,64.81,479.34,25.42,18.74,75.80311423518738
606,501.35,60.53,491.91,33.56,20.06,81.40738941359228
607,363.12,64.42,541.6,25.98,15.93,77.10386996147159
608,429.43,54.46,466.26,37.87,21.44,80.49412320834001
609,601.69,62.27,513.35,34.59,21.75,84.20893842540326
610,507.02,67.15,465.89,22.05,15.84,73.38022639072555
611,492.1,64.26,487.15,29.75,18.62,78.9234242235513
612,502.24,59.73,508.08,37.84,20.06,83.5418585594055
613,466.69,74.42,450.15,35.7,21.82,79.71530152481036
614,510.18,62.33,489.15,36.04,18.77,80.48805421512819
615,415.71,72.92,578.54,33.81,20.81,86.58295601491142
616,554.6,68.23,451.62,36.05,15.29,76.96023622956861
617,382.99,75.37,569.44,29.35,20.15,83.55975002855327
618,549.94,66.77,541.59,27.54,17.67,79.61567405512687
619,396.01,65.32,506.07,33.56,17.7,77.87295499446356
620,426.43,64.94,511.59,22.77,19.05,77.34395498571752
621,496.46,71.67,506.02,23.78,18.54,77.72496306424237
622,468.18,60.39,499.39,37.14,20.35,83.05882409753674
623,414.54,63.83,471.22,37.01,20.2,80.45640837531697
624,604.84,63.33,425.31,24.95,20.86,77.08675588869588
625,408.96,64.41,410.76,40.17,19.99,76.60870165999296
626,403.39,69.81,481.78,26.01,19.19,76.63413535400302
627,410.23,67.59,523.99,34.1,20.46,83.6705981860486
628,504.22,70.2,512.51,21.19,18.79,77.406181510912
629,542.63,66.71,529.89,28.96,19.3,81.23418457583743
630,480.15,62.97,624.89,35.84,19.7,90.1045988965625
631,502.93,75.33,455.46,27.95,16.75,73.58160884874165
632,346.62,73.09,472.38,17.08,21.38,75.02576072595454
633,417.19,55.89,443.52,37.17,20.82,78.11271915068524
634,564.62,60.59,450.62,33.33,19.2,78.38803025814606
635,465.63,57.48,410.19,46.61,20.4,78.97234585930997
636,522.57,64.45,440.81,26.73,21.39,78.3635392842113
637,365.65,66.42,469.64,30.11,20.83,78.67641965379322
638,407.76,62.65,463.12,30.13,21.95,79.52737309085832
639,490.16,68.75,446.8,19.41,19.02,72.4932776124815
640,511.14,73.54,514.14,22.92,17.48,77.0021306472761
641,275.67,66.66,519.74,32.57,20.25,79.73146407715052
642,251.43,66.27,521.58,24.27,19.74,77.7794082631787
643,416.07,70.99,636.3,37.93,16.37,90.55372142677236
644,477.3,68.91,535.76,26.58,16.36,76.66479604395052
645,557.14,64.2,510.56,28.48,19.39,80.44316376535274
646,452.28,68.4,354.59,41.63,19.81,75.50580891537085
647,508.39,72.28,443.12,34.34,20.32,77.68251244875812
648,626.57,75.41,507.22,18.13,20.11,79.01609610735638
649,517.51,63.42,501.32,18.01,17.84,75.76955409455341
650,513.48,62.26,496.91,33.46,21.43,82.12701469884904
651,386.46,65.68,437.97,35.8,20.89,77.60832492141195
652,553.89,58.9,489.98,35.24,19.98,81.46807182542848
653,493.2,59.25,549.43,35.52,19.09,83.38727807304629
654,330.99,61.56,487.47,33.39,18.96,78.05454293303849
655,546.47,78.43,514.34,13.34,19.01,76.34362754051762
656,438.74,66.06,484.49,30.68,18.61,78.92660529772061
657,434.62,65.12,540.18,34.84,19.99,83.60226533230794
658,440.1,67.33,524.27,20.5,19.66,77.97878236169817
659,473.19,63.82,523.85,33.85,18.39,80.29301684965425
660,376.68,61.21,559.33,31.79,19.61,82.48856262105848
661,568.0,68.15,477.54,22.12,21.23,78.32055023504871
662,488.49,61.43,414.28,29.2,20.26,74.58502323223344
663,372.81,64.95,512.9,30.04,19.27,80.35940580948835
664,552.45,64.23,545.09,27.6,21.09,83.44695955015244
665,408.85,57.4,479.23,26.92,23.62,82.2690962392459
666,362.21,67.24,521.25,32.25,19.57,81.50347130356066
667,476.88,67.59,474.33,24.12,22.51,80.54302176522326
668,355.96,68.63,523.29,23.45,18.93,78.42871629739402
669,337.81,66.86,563.76,34.91,17.24,80.0510169539421
670,417.91,74.42,503.08,39.05,18.72,81.52852483990975
671,474.68,67.83,477.05,29.1,20.1,79.72452792469805
672,463.95,69.81,490.72,28.76,19.16,79.66702254668742
673,378.55,61.62,448.47,22.14,21.73,76.47852191243432
674,476.15,75.47,497.76,30.76,18.49,79.00823383728853
675,389.66,57.28,447.41,31.04,23.58,81.44290271971762
676,502.85,63.61,528.29,34.98,21.35,84.1055433592489
677,497.11,69.16,558.35,24.09,22.63,85.82132108254321
678,379.79,69.86,545.41,26.84,18.9,80.27799649805412
679,346.56,73.59,554.21,24.13,22.36,83.45280187026556
680,414.04,72.84,565.88,21.7,19.74,81.66435576217225
681,352.26,60.77,508.31,26.31,21.8,80.6782086716088
682,500.72,67.13,537.88,27.35,21.69,83.66281934545425
683,347.56,56.8,499.61,37.12,20.55,82.07550926195684
684,314.92,61.62,467.21,41.21,19.43,79.45786672435842
685,307.25,62.31,527.04,38.03,21.68,84.61722641619804
686,501.56,67.32,462.4,29.37,18.62,77.25741866136833
687,445.37,68.21,520.6,24.84,20.57,80.86951260133087
688,254.0,59.79,546.05,31.44,19.71,79.97788239566071
689,324.91,69.28,467.7,19.54,19.22,73.73866084237875
690,437.67,64.5,452.2,33.64,21.86,79.45774551076018
691,498.77,62.01,536.85,28.49,22.17,83.85157939611554
692,413.45,62.18,457.21,34.95,18.69,77.95062000136187
693,420.23,69.05,537.76,28.42,17.77,78.38815923828027
694,577.42,59.65,445.78,36.23,19.5,79.03766497850458
695,388.17,68.09,489.09,26.66,17.81,75.23948819420276
696,349.36,71.26,489.71,33.67,21.92,80.78343650957146
697,490.52,76.76,479.59,23.33,21.19,78.85617007734142
698,484.76,67.23,548.47,23.38,20.68,81.96271935178281
699,286.85,62.83,542.19,39.77,22.88,89.57640099076983
700,405.17,71.79,462.71,30.38,22.6,80.45973370779659
701,555.7,68.34,498.53,33.89,16.8,77.2807666328767
702,335.1,65.71,431.51,37.33,19.18,77.36572418232662
703,419.66,78.27,517.67,32.9,17.71,78.55727096863397
704,440.15,68.74,489.35,26.08,19.22,77.83590402615918
705,512.7,67.44,518.06,32.46,19.5,81.9349907293604
706,407.44,56.79,560.7,30.4,21.27,85.22845680935346
707,466.05,65.37,502.1,23.48,22.9,82.08727969355638
708,437.0,70.58,570.01,30.0,20.62,85.00498383338527
709,555.17,72.11,506.37,27.02,19.89,79.90047889976582
710,427.35,74.58,512.26,23.92,21.29,80.5058782175959
711,443.27,61.04,531.0,33.55,20.07,83.3311355712497
712,477.47,67.03,639.14,25.28,18.34,87.10895413627192
713,415.28,65.16,568.23,29.44,21.55,85.76394635853592
714,402.89,73.44,548.27,14.45,22.24,81.51331035540596
715,419.47,60.4,498.3,13.49,21.77,78.35753247578286
716,486.53,62.02,485.3,39.77,19.59,81.94277361827278
717,364.0,61.41,553.77,28.59,17.81,79.31145778200461
718,402.67,66.53,542.36,17.53,20.61,79.24439335879815
719,397.77,68.7,550.07,34.29,21.48,85.50377654589731
720,486.09,62.72,510.67,40.89,19.78,84.13192290531326
721,575.27,70.91,446.82,33.55,19.87,78.65200689679666
722,484.73,60.93,496.54,35.5,17.47,78.08082733380947
723,460.33,75.35,503.7,28.5,22.02,81.84760259788237
724,380.75,71.29,515.56,31.02,20.18,82.40295030538853
725,425.79,72.85,476.53,32.25,16.59,73.9870570580175
726,479.27,64.91,484.62,29.74,22.97,82.68040089384114
727,442.88,66.29,441.67,36.16,18.19,77.10637333895268
728,497.3,64.49,447.6,24.38,18.83,74.03004925612599
729,343.97,59.26,554.5,29.39,17.57,79.15214925905245
730,479.81,65.8,499.66,39.94,15.96,77.85278106659334
731,342.94,62.11,546.14,29.49,18.66,79.77108758177162
732,394.31,66.79,473.17,34.26,20.24,80.06358766413992
733,356.18,72.63,504.18,27.64,19.07,78.41500789344238
734,444.04,72.3,483.75,33.21,20.02,81.36049325873789
735,462.31,65.08,426.0,38.66,22.71,80.90436286889805
736,474.26,67.05,517.02,36.02,20.37,83.79787726289644
737,498.71,63.22,469.06,35.23,18.38,79.34430932719518
738,510.89,68.68,558.96,23.87,18.68,80.80207242696787
739,452.14,75.57,579.45,30.76,18.06,82.24907873109083
740,538.8,57.02,494.62,27.38,18.15,78.587453250534
741,528.06,64.93,522.08,40.25,20.71,86.46384795408085
742,545.65,66.14,483.97,31.65,19.26,79.77640172368497
743,347.88,71.73,570.28,29.41,20.86,84.77522247876605
744,369.44,71.3,569.25,39.05,20.54,86.70623020604192
745,308.65,70.92,479.08,33.87,17.21,75.21572287591722
746,488.99,54.1,446.35,22.87,23.29,80.77208855918602
747,463.37,57.59,538.41,33.21,20.37,83.89418684315744
748,543.09,72.81,480.47,24.06,19.15,77.69544000680574
749,381.4,68.25,478.52,32.08,19.94,79.88179387047335
750,510.41,65.83,496.33,30.64,17.64,77.40792890695344
751,426.19,64.17,533.04,32.53,22.05,83.88378716482188
752,518.98,57.0,484.65,28.09,20.19,79.57897125671154
753,440.74,64.08,453.08,38.31,21.48,79.61249285160234
754,420.01,68.1,541.42,41.73,20.41,86.00433785262284
755,478.61,67.1,557.23,36.09,19.13,84.08556515589713
756,377.94,69.84,500.01,30.85,20.59,81.04157934097586
757,535.46,64.48,550.75,34.89,20.22,85.07478397701608
758,370.64,66.18,567.97,23.87,17.62,79.09318445504489
759,303.03,60.16,469.35,34.15,21.03,78.91762228847082
760,510.95,66.79,476.89,24.49,22.29,80.27489383271443
761,412.93,59.52,530.76,41.73,18.13,82.83063965145014
762,459.98,67.28,500.75,27.41,21.71,81.1705502074321
763,344.15,69.08,525.81,21.81,19.94,78.38546881184872
764,408.81,65.43,460.45,39.54,18.36,78.78843445284637
765,586.04,80.14,435.41,27.05,20.68,77.31545438898016
766,415.48,57.22,524.17,19.48,20.04,78.06537857932351
767,569.1,70.99,521.69,22.01,16.21,77.97568583886921
768,506.88,61.57,433.56,33.86,20.03,76.67136362370185
769,428.22,66.13,497.76,22.18,20.61,78.44301998931407
770,538.25,65.59,529.91,38.92,19.75,84.76836297035665
771,446.19,67.78,523.41,34.14,20.21,83.41249438033599
772,305.19,63.24,477.79,32.77,21.56,79.07287663608876
773,481.5,75.27,455.82,30.57,18.1,76.76735429878282
774,381.06,76.08,511.15,33.21,19.95,82.42081344654598
775,468.81,69.15,570.02,30.46,19.78,83.91116004736615
776,381.0,71.34,458.59,36.56,19.14,78.76012474443645
777,409.41,61.14,476.53,37.29,19.1,80.08617724486967
778,383.94,71.63,507.82,15.61,21.41,78.37719075249215
779,513.91,59.8,546.16,25.69,19.86,81.82778364467704
780,456.9,70.93,502.55,28.34,17.39,75.9292928555769
781,533.45,61.13,428.63,31.21,18.76,75.65830435090801
782,492.75,71.5,495.72,32.11,18.98,80.74973936891855
783,330.17,67.71,508.71,30.33,18.58,78.02637486643765
784,412.06,66.57,522.75,22.88,20.72,80.19050984054458
785,360.91,71.21,450.57,42.88,21.18,80.80134885896929
786,378.16,58.82,462.9,33.73,18.56,77.13890405655287
787,310.41,69.04,527.76,32.25,18.41,78.71257971251931
788,504.03,71.49,518.46,40.84,19.65,84.45300233066376
789,465.31,73.23,507.18,29.62,20.14,81.72063758993063
790,431.26,53.25,380.84,33.84,23.82,80.5995647803342
791,347.68,66.08,508.22,37.25,21.34,83.24345097899628
792,156.05,59.99,489.75,28.91,21.13,79.24379634325267
793,489.39,72.05,426.38,37.57,19.62,76.47907292290547
794,362.73,69.28,482.62,29.94,19.3,78.3323660029376
795,421.39,55.97,451.86,29.25,18.96,75.6780803240234
796,572.9,59.42,502.12,36.12,19.7,82.19252473996643
797,460.78,64.28,560.54,31.2,15.11,79.35399306238016
798,499.75,67.2,536.88,30.68,17.57,79.1020913352829
799,453.78,58.24,442.83,26.21,20.58,76.30045998476128
